16 Oct 2022 12:31:07,0.0,0.0,0.0,0.0
16 Oct 2022 12:31:08,0.0,0.0,0.0,0.0
16 Oct 2022 12:31:10,0.0,0.0,0.0,812.0
16 Oct 2022 12:31:13,0.0,0.0,0.0,162.5004882812
16 Oct 2022 12:31:15,0.0,0.0,,158.9970092773
16 Oct 2022 12:31:17,0.0,0.0,0.0,158.9970092773
16 Oct 2022 12:31:19,0.0,0.0,0.0,158.9970092773
16 Oct 2022 12:31:21,0.0,0.0,0.0,160.5111083984
16 Oct 2022 12:31:23,0.0,0.0,0.0,167.1868133544
16 Oct 2022 12:31:25,0.0,0.0,0.0,
16 Oct 2022 12:31:27,0.0,0.0,0.0,164.5619506835
16 Oct 2022 12:31:30,0.0,0.0,0.0,164.5619506835
16 Oct 2022 12:31:31,0.0,0.0,0.0,162.2143859863
16 Oct 2022 12:31:33,0.0,0.0,0.0,162.2143859863
16 Oct 2022 12:31:36,0.0,0.0,0.0,167.9980926513
16 Oct 2022 12:31:38,0.0,0.0,0.0,167.9980926513
16 Oct 2022 12:31:40,0.0,0.0,0.0,162.0891571044
16 Oct 2022 12:31:42,0.0,0.0,0.0,159.7710418701
16 Oct 2022 12:31:44,0.0,0.0,,159.7710418701
16 Oct 2022 12:31:46,0.0,0.0,0.0,159.5074768066
16 Oct 2022 12:32:18,0.0,0.0,0.0,0.0
16 Oct 2022 12:32:20,0.0,0.0,0.0,0.0
16 Oct 2022 12:32:22,0.0,0.0,0.0,0.0
16 Oct 2022 12:32:24,0.0,0.0,0.0,157.9048461914
16 Oct 2022 12:32:26,0.0,0.0,,162.5870666503
16 Oct 2022 12:32:28,0.0,0.0,0.0,162.5870666503
16 Oct 2022 12:32:30,0.0,0.0,0.0,162.5870666503
16 Oct 2022 12:32:33,0.0,0.0,0.0,161.3447113037
16 Oct 2022 12:32:35,0.0,0.0,0.0,161.9160308837
16 Oct 2022 12:32:37,0.0,0.0,0.0,
16 Oct 2022 12:32:38,0.0,0.0,0.0,159.2183685302
16 Oct 2022 12:32:41,0.0,0.0,0.0,159.2183685302
16 Oct 2022 12:32:43,0.0,0.0,0.0,161.1823120117
16 Oct 2022 12:32:45,0.0,0.0,0.0,161.1823120117
16 Oct 2022 12:32:47,0.0,0.0,0.0,162.4096069335
16 Oct 2022 12:32:49,0.0,0.0,0.0,162.4096069335
16 Oct 2022 12:32:51,0.0,0.0,0.0,161.9888153076
16 Oct 2022 12:32:53,0.0,0.0,0.0,159.5073547363
16 Oct 2022 12:32:55,0.0,0.0,,159.5073547363
16 Oct 2022 12:33:37,,,,
16 Oct 2022 12:33:37,0.0,0.0,0.0,0.0
16 Oct 2022 12:33:38,0.0,0.0,0.0,0.0
16 Oct 2022 12:33:39,0.0,0.0,0.0,0.0
16 Oct 2022 12:33:40,0.0,0.0,0.0,0.0
16 Oct 2022 12:33:42,0.0,0.0,0.0,0.0
16 Oct 2022 12:33:43,0.0,0.0,0.0,0.0
16 Oct 2022 12:33:44,0.0,0.0,0.0,0.0
16 Oct 2022 12:33:45,0.0,0.0,0.0,0.0
16 Oct 2022 12:33:47,0.0,0.0,0.0,0.0
16 Oct 2022 12:33:48,0.0,0.0,0.0,0.0
16 Oct 2022 12:33:49,0.0,0.0,0.0,0.0
16 Oct 2022 12:33:50,0.0,0.0,0.0,0.0
16 Oct 2022 12:33:52,0.0,0.0,0.0,0.0
16 Oct 2022 12:33:53,0.0,0.0,0.0,0.0
16 Oct 2022 12:33:54,0.0,0.0,0.0,0.0
16 Oct 2022 12:33:55,0.0,0.0,0.0,0.0
16 Oct 2022 12:33:58,0.0,0.0,0.0,0.0
16 Oct 2022 12:33:59,0.0,0.0,0.0,0.0
16 Oct 2022 12:34:00,0.0,0.0,0.0,0.0
16 Oct 2022 12:34:01,0.0,0.0,0.0,0.0
16 Oct 2022 12:34:04,,,,
16 Oct 2022 12:34:04,,,,
16 Oct 2022 12:34:04,0.0,0.0,0.0,8039550.0
16 Oct 2022 12:34:05,0.0,0.0,0.0,8039550.0
16 Oct 2022 12:34:06,0.0,0.0,0.0,8039550.0
16 Oct 2022 12:34:07,0.0,0.0,0.0,8039550.0
16 Oct 2022 12:34:09,0.0,,0.0,160.842803955
16 Oct 2022 12:34:09,0.0,,0.0,160.842803955
16 Oct 2022 12:34:09,0.0,,0.0,160.842803955
16 Oct 2022 12:34:09,0.0,,0.0,160.842803955
16 Oct 2022 12:34:09,0.0,,0.0,160.842803955
16 Oct 2022 12:34:09,0.0,,0.0,160.842803955
16 Oct 2022 12:34:09,0.0,,0.0,160.842803955
16 Oct 2022 12:34:09,0.0,0.0,0.0,158.4531097412
16 Oct 2022 12:34:10,0.0,0.0,0.0,158.4531097412
16 Oct 2022 12:34:11,0.0,0.0,0.0,158.4531097412
16 Oct 2022 12:34:12,0.0,0.0,0.0,158.4531097412
16 Oct 2022 12:34:15,,,,
16 Oct 2022 12:34:15,,,,
16 Oct 2022 12:34:15,,,,
16 Oct 2022 12:34:15,,0.0,0.0,158.4531097412
16 Oct 2022 12:34:15,,0.0,0.0,158.4531097412
16 Oct 2022 12:34:15,,0.0,0.0,158.4531097412
16 Oct 2022 12:34:15,,0.0,0.0,158.4531097412
16 Oct 2022 12:34:15,,0.0,0.0,158.4531097412
16 Oct 2022 12:34:15,,0.0,0.0,158.4531097412
16 Oct 2022 12:34:15,,0.0,0.0,158.4531097412
16 Oct 2022 12:34:15,0.0,0.0,0.0,158.4531097412
16 Oct 2022 12:34:16,0.0,0.0,0.0,158.4531097412
16 Oct 2022 12:34:17,0.0,0.0,0.0,158.4531097412
16 Oct 2022 12:34:18,0.0,0.0,0.0,158.4531097412
16 Oct 2022 12:34:20,,,,
16 Oct 2022 12:34:20,,,,
16 Oct 2022 12:34:20,,,,
16 Oct 2022 12:34:20,0.0,0.0,0.0,
16 Oct 2022 12:34:20,0.0,0.0,0.0,157.6677398681
16 Oct 2022 12:34:21,0.0,0.0,0.0,157.6677398681
16 Oct 2022 12:34:22,0.0,0.0,0.0,157.6677398681
16 Oct 2022 12:34:23,0.0,0.0,0.0,157.6677398681
16 Oct 2022 12:34:25,,,,
16 Oct 2022 12:34:25,,,,
16 Oct 2022 12:34:25,,,,
16 Oct 2022 12:34:25,0.0,0.0,,157.6677398681
16 Oct 2022 12:34:25,0.0,0.0,,157.6677398681
16 Oct 2022 12:34:25,0.0,0.0,,157.6677398681
16 Oct 2022 12:34:25,0.0,0.0,,157.6677398681
16 Oct 2022 12:34:25,0.0,0.0,,157.6677398681
16 Oct 2022 12:34:25,0.0,0.0,,157.6677398681
16 Oct 2022 12:34:25,0.0,0.0,,157.6677398681
16 Oct 2022 12:34:25,0.0,0.0,0.0,159.0426635742
16 Oct 2022 12:34:26,0.0,0.0,0.0,159.0426635742
16 Oct 2022 12:34:27,0.0,0.0,0.0,159.0426635742
16 Oct 2022 12:34:28,0.0,0.0,0.0,159.0426635742
16 Oct 2022 12:34:31,,,,
16 Oct 2022 12:34:31,,,,
16 Oct 2022 12:34:31,,,,
16 Oct 2022 12:34:31,0.0,0.0,0.0,
16 Oct 2022 12:34:31,0.0,0.0,0.0,
16 Oct 2022 12:34:31,0.0,0.0,0.0,
16 Oct 2022 12:34:31,0.0,0.0,0.0,75390.0
16 Oct 2022 12:34:32,0.0,0.0,0.0,75390.0
16 Oct 2022 12:34:33,0.0,0.0,0.0,75390.0
16 Oct 2022 12:34:34,0.0,0.0,0.0,75390.0
16 Oct 2022 12:34:36,0.0,0.0,0.0,
16 Oct 2022 12:34:36,0.0,0.0,0.0,161.745727539
16 Oct 2022 12:34:37,0.0,0.0,0.0,161.745727539
16 Oct 2022 12:34:38,0.0,0.0,0.0,161.745727539
16 Oct 2022 12:34:39,0.0,0.0,0.0,161.745727539
16 Oct 2022 12:34:42,,,,
16 Oct 2022 12:34:42,,,,
16 Oct 2022 12:34:42,,,,
16 Oct 2022 12:34:42,0.0,0.0,,161.745727539
16 Oct 2022 12:34:42,0.0,0.0,,161.745727539
16 Oct 2022 12:34:42,0.0,0.0,,161.745727539
16 Oct 2022 12:34:42,0.0,0.0,,161.745727539
16 Oct 2022 12:34:42,0.0,0.0,,161.745727539
16 Oct 2022 12:34:42,0.0,0.0,,161.745727539
16 Oct 2022 12:34:42,0.0,0.0,,161.745727539
16 Oct 2022 12:34:42,0.0,0.0,0.0,156.5178833007
16 Oct 2022 12:34:43,0.0,0.0,0.0,156.5178833007
16 Oct 2022 12:34:44,0.0,0.0,0.0,156.5178833007
16 Oct 2022 12:34:45,0.0,0.0,0.0,156.5178833007
16 Oct 2022 12:34:48,,,,
16 Oct 2022 12:34:48,,,,
16 Oct 2022 12:34:48,,,,
16 Oct 2022 12:34:48,0.0,0.0,0.0,
16 Oct 2022 12:34:48,0.0,0.0,0.0,
16 Oct 2022 12:34:48,0.0,0.0,0.0,
16 Oct 2022 12:34:48,0.0,0.0,0.0,
16 Oct 2022 12:34:48,0.0,0.0,0.0,
16 Oct 2022 12:34:48,0.0,0.0,0.0,
16 Oct 2022 12:34:48,0.0,0.0,0.0,
16 Oct 2022 12:34:48,0.0,0.0,0.0,
16 Oct 2022 12:34:48,0.0,0.0,0.0,156.9317932128
16 Oct 2022 12:34:49,0.0,0.0,0.0,156.9317932128
16 Oct 2022 12:34:50,0.0,0.0,0.0,156.9317932128
16 Oct 2022 12:34:51,0.0,0.0,0.0,156.9317932128
16 Oct 2022 12:34:53,,,,
16 Oct 2022 12:34:53,,,,
16 Oct 2022 12:34:53,,,,
16 Oct 2022 12:34:53,0.0,0.0,,156.9317932128
16 Oct 2022 12:34:53,0.0,0.0,,156.9317932128
16 Oct 2022 12:34:53,0.0,0.0,,156.9317932128
16 Oct 2022 12:34:53,0.0,0.0,,156.9317932128
16 Oct 2022 12:34:53,0.0,0.0,,156.9317932128
16 Oct 2022 12:34:53,0.0,0.0,,156.9317932128
16 Oct 2022 12:34:53,0.0,0.0,,156.9317932128
16 Oct 2022 12:34:53,0.0,0.0,0.0,164.9057617187
16 Oct 2022 12:34:54,0.0,0.0,0.0,164.9057617187
16 Oct 2022 12:34:55,0.0,0.0,0.0,164.9057617187
16 Oct 2022 12:34:56,0.0,0.0,0.0,164.9057617187
16 Oct 2022 12:34:59,,,,
16 Oct 2022 12:34:59,,,,
16 Oct 2022 12:34:59,,,,
16 Oct 2022 12:34:59,0.0,0.0,0.0,
16 Oct 2022 12:34:59,0.0,0.0,0.0,
16 Oct 2022 12:34:59,0.0,0.0,0.0,
16 Oct 2022 12:34:59,0.0,0.0,0.0,
16 Oct 2022 12:34:59,0.0,0.0,0.0,
16 Oct 2022 12:34:59,0.0,0.0,0.0,130737304.0
16 Oct 2022 12:35:00,0.0,0.0,0.0,130737304.0
16 Oct 2022 12:40:22,,,,
16 Oct 2022 12:40:23,0.0,0.0,0.0,0.0
16 Oct 2022 12:40:23,0.0,0.0,0.0,0.0
16 Oct 2022 12:40:24,0.0,0.0,0.0,0.0
16 Oct 2022 12:41:56,,,,
16 Oct 2022 12:41:57,0.0,0.0,0.0,0.0
16 Oct 2022 12:41:57,0.0,0.0,0.0,0.0
16 Oct 2022 12:41:58,0.0,0.0,0.0,0.0
16 Oct 2022 12:41:59,0.0,0.0,0.0,0.0
16 Oct 2022 12:42:00,0.0,0.0,0.0,0.0
16 Oct 2022 12:42:01,0.0,0.0,0.0,0.0
16 Oct 2022 12:42:02,0.0,0.0,0.0,0.0
16 Oct 2022 12:42:03,0.0,0.0,0.0,0.0
16 Oct 2022 12:42:04,0.0,0.0,0.0,0.0
16 Oct 2022 12:42:05,0.0,0.0,0.0,0.0
16 Oct 2022 12:42:06,0.0,0.0,0.0,0.0
16 Oct 2022 12:42:07,0.0,0.0,0.0,0.0
16 Oct 2022 12:42:08,0.0,0.0,0.0,0.0
16 Oct 2022 12:42:09,0.0,0.0,0.0,0.0
16 Oct 2022 12:42:10,0.0,0.0,0.0,0.0
16 Oct 2022 12:42:11,0.0,0.0,0.0,0.0
16 Oct 2022 12:42:12,0.0,0.0,0.0,0.0
16 Oct 2022 12:42:13,0.0,0.0,0.0,0.0
16 Oct 2022 12:42:14,0.0,0.0,0.0,0.0
16 Oct 2022 12:42:15,0.0,0.0,0.0,0.0
16 Oct 2022 12:42:16,0.0,0.0,0.0,0.0
16 Oct 2022 12:42:17,0.0,0.0,0.0,0.0
16 Oct 2022 12:42:18,0.0,0.0,0.0,0.0
16 Oct 2022 12:42:19,0.0,0.0,0.0,0.0
16 Oct 2022 12:42:20,0.0,0.0,0.0,0.0
16 Oct 2022 12:42:21,0.0,0.0,0.0,0.0
16 Oct 2022 12:42:22,0.0,0.0,0.0,159.5630798339
16 Oct 2022 12:42:23,0.0,0.0,0.0,159.5630798339
16 Oct 2022 12:42:24,0.0,0.0,0.0,159.5630798339
16 Oct 2022 12:42:25,0.0,0.0,0.0,159.5630798339
16 Oct 2022 12:42:28,,,,
16 Oct 2022 12:42:28,,,,
16 Oct 2022 12:42:28,,,,
16 Oct 2022 12:42:28,0.0,0.0,,157.6668701171
16 Oct 2022 12:42:28,0.0,0.0,,157.6668701171
16 Oct 2022 12:42:28,0.0,0.0,,157.6668701171
16 Oct 2022 12:42:28,0.0,0.0,,157.6668701171
16 Oct 2022 12:42:28,0.0,0.0,,157.6668701171
16 Oct 2022 12:42:28,0.0,0.0,,157.6668701171
16 Oct 2022 12:42:28,0.0,0.0,,157.6668701171
16 Oct 2022 12:42:28,0.0,0.0,0.0,157.6668701171
16 Oct 2022 12:42:29,0.0,0.0,0.0,157.6668701171
16 Oct 2022 12:42:30,0.0,0.0,0.0,157.6668701171
16 Oct 2022 12:42:31,0.0,0.0,0.0,157.6668701171
16 Oct 2022 12:42:32,0.0,0.0,0.0,157.6668701171
16 Oct 2022 12:42:33,0.0,0.0,0.0,157.6668701171
16 Oct 2022 12:42:34,0.0,0.0,0.0,157.6668701171
16 Oct 2022 12:42:35,0.0,0.0,0.0,157.6668701171
16 Oct 2022 12:42:36,0.0,0.0,0.0,157.6668701171
16 Oct 2022 12:42:37,0.0,0.0,0.0,157.6668701171
16 Oct 2022 12:42:38,0.0,0.0,0.0,157.6668701171
16 Oct 2022 12:42:39,0.0,0.0,0.0,157.6668701171
16 Oct 2022 12:42:40,0.0,0.0,0.0,157.6668701171
16 Oct 2022 12:42:41,0.0,0.0,0.0,157.6668701171
16 Oct 2022 12:42:42,0.0,0.0,0.0,157.6668701171
16 Oct 2022 12:42:43,0.0,0.0,0.0,165.1534118652
16 Oct 2022 12:42:44,0.0,0.0,0.0,165.1534118652
16 Oct 2022 12:42:45,0.0,0.0,0.0,165.1534118652
16 Oct 2022 12:42:46,0.0,0.0,0.0,165.1534118652
16 Oct 2022 12:42:47,0.0,0.0,0.0,165.1534118652
16 Oct 2022 12:42:48,0.0,0.0,0.0,165.1534118652
16 Oct 2022 12:42:49,0.0,0.0,0.0,165.1534118652
16 Oct 2022 12:42:50,0.0,0.0,0.0,165.1534118652
16 Oct 2022 12:42:51,0.0,0.0,0.0,165.1534118652
16 Oct 2022 12:42:52,0.0,0.0,0.0,165.1534118652
16 Oct 2022 12:42:53,0.0,0.0,0.0,165.1534118652
16 Oct 2022 12:42:54,0.0,0.0,0.0,165.1534118652
16 Oct 2022 12:42:55,0.0,0.0,0.0,165.1534118652
16 Oct 2022 12:42:56,0.0,0.0,0.0,165.1534118652
16 Oct 2022 12:42:57,0.0,0.0,0.0,160.0464019775
16 Oct 2022 12:42:59,,,,
16 Oct 2022 12:42:59,,,,
16 Oct 2022 12:42:59,,,,
16 Oct 2022 12:42:59,,,,
16 Oct 2022 12:42:59,,,,
16 Oct 2022 12:42:59,,,,
16 Oct 2022 12:42:59,0.0,0.0,0.0,
16 Oct 2022 12:42:59,0.0,0.0,0.0,
16 Oct 2022 12:42:59,0.0,0.0,0.0,
16 Oct 2022 12:42:59,0.0,0.0,0.0,
16 Oct 2022 12:42:59,0.0,0.0,0.0,
16 Oct 2022 12:42:59,0.0,0.0,0.0,332153320.0
16 Oct 2022 12:43:00,0.0,0.0,0.0,332153320.0
16 Oct 2022 12:43:01,0.0,0.0,0.0,332153320.0
16 Oct 2022 12:43:02,0.0,0.0,0.0,158.233215332
16 Oct 2022 12:43:03,0.0,0.0,0.0,158.233215332
16 Oct 2022 12:43:04,0.0,0.0,0.0,158.233215332
16 Oct 2022 12:43:05,0.0,0.0,0.0,158.233215332
16 Oct 2022 12:43:56,,,,
16 Oct 2022 12:43:56,0.0,0.0,0.0,0.0
16 Oct 2022 12:43:57,0.0,0.0,0.0,0.0
16 Oct 2022 12:43:58,0.0,0.0,0.0,0.0
16 Oct 2022 12:43:59,0.0,0.0,0.0,0.0
16 Oct 2022 12:44:00,0.0,0.0,0.0,0.0
16 Oct 2022 12:44:01,0.0,0.0,0.0,0.0
16 Oct 2022 12:44:02,0.0,0.0,0.0,0.0
16 Oct 2022 12:44:03,0.0,0.0,0.0,0.0
16 Oct 2022 12:44:04,0.0,0.0,0.0,0.0
16 Oct 2022 12:44:05,0.0,0.0,0.0,0.0
16 Oct 2022 12:44:06,0.0,0.0,0.0,0.0
16 Oct 2022 12:44:07,0.0,0.0,0.0,0.0
16 Oct 2022 12:44:08,0.0,0.0,0.0,0.0
16 Oct 2022 12:44:09,0.0,0.0,0.0,0.0
16 Oct 2022 12:44:10,0.0,0.0,0.0,0.0
16 Oct 2022 12:44:11,0.0,0.0,0.0,0.0
16 Oct 2022 12:44:12,0.0,0.0,0.0,0.0
16 Oct 2022 12:44:13,0.0,0.0,0.0,0.0
16 Oct 2022 12:44:14,0.0,0.0,0.0,0.0
16 Oct 2022 12:44:15,0.0,0.0,0.0,0.0
16 Oct 2022 12:44:16,0.0,0.0,0.0,0.0
16 Oct 2022 12:44:17,0.0,0.0,0.0,0.0
16 Oct 2022 12:44:18,0.0,0.0,0.0,0.0
16 Oct 2022 12:44:19,0.0,0.0,0.0,0.0
16 Oct 2022 12:44:20,0.0,0.0,0.0,0.0
16 Oct 2022 12:44:21,0.0,0.0,0.0,150.2754058837
16 Oct 2022 12:44:22,0.0,0.0,0.0,150.2754058837
16 Oct 2022 12:44:23,0.0,0.0,0.0,150.2754058837
16 Oct 2022 12:44:24,0.0,0.0,0.0,150.2754058837
16 Oct 2022 12:44:25,0.0,0.0,0.0,150.2754058837
16 Oct 2022 12:44:28,0.0,0.0,0.0,
16 Oct 2022 12:45:24,,,,
16 Oct 2022 12:45:25,0.0,0.0,0.0,0.0
16 Oct 2022 12:45:25,0.0,0.0,0.0,0.0
16 Oct 2022 12:45:26,0.0,0.0,0.0,0.0
16 Oct 2022 12:45:28,0.0,0.0,0.0,0.0
16 Oct 2022 12:45:28,0.0,0.0,0.0,0.0
16 Oct 2022 12:45:29,0.0,0.0,0.0,0.0
16 Oct 2022 12:45:30,0.0,0.0,0.0,0.0
16 Oct 2022 12:45:31,0.0,0.0,0.0,0.0
16 Oct 2022 12:45:32,0.0,0.0,0.0,0.0
16 Oct 2022 12:45:33,0.0,0.0,0.0,0.0
16 Oct 2022 12:45:34,0.0,0.0,0.0,0.0
16 Oct 2022 12:45:35,0.0,0.0,0.0,0.0
16 Oct 2022 12:45:36,0.0,0.0,0.0,0.0
16 Oct 2022 12:45:37,0.0,0.0,0.0,0.0
16 Oct 2022 12:45:39,0.0,0.0,0.0,0.0
16 Oct 2022 12:45:39,0.0,0.0,0.0,0.0
16 Oct 2022 12:45:40,0.0,0.0,0.0,0.0
16 Oct 2022 12:45:41,0.0,0.0,0.0,0.0
16 Oct 2022 12:45:42,0.0,0.0,0.0,0.0
16 Oct 2022 12:45:43,0.0,0.0,0.0,0.0
16 Oct 2022 12:45:44,0.0,0.0,0.0,0.0
16 Oct 2022 12:45:45,0.0,0.0,0.0,0.0
16 Oct 2022 12:45:46,0.0,0.0,0.0,0.0
16 Oct 2022 12:45:47,0.0,0.0,0.0,0.0
16 Oct 2022 12:45:48,0.0,0.0,0.0,0.0
16 Oct 2022 12:45:49,0.0,0.0,0.0,154.1591644287
16 Oct 2022 12:45:50,0.0,0.0,0.0,154.1591644287
16 Oct 2022 12:45:52,0.0,0.0,0.0,154.1591644287
16 Oct 2022 12:45:52,0.0,0.0,0.0,154.1591644287
16 Oct 2022 12:45:53,0.0,0.0,0.0,154.1591644287
16 Oct 2022 12:45:56,0.0,0.0,0.0,
16 Oct 2022 12:46:33,,,,
16 Oct 2022 12:46:33,0.0,0.0,0.0,0.0
16 Oct 2022 12:46:34,0.0,0.0,0.0,0.0
16 Oct 2022 12:46:35,0.0,0.0,0.0,0.0
16 Oct 2022 12:46:36,0.0,0.0,0.0,0.0
16 Oct 2022 12:46:37,0.0,0.0,0.0,0.0
16 Oct 2022 12:46:38,0.0,0.0,0.0,0.0
16 Oct 2022 12:46:39,0.0,0.0,0.0,0.0
16 Oct 2022 12:46:40,0.0,0.0,0.0,0.0
16 Oct 2022 12:46:41,0.0,0.0,0.0,0.0
16 Oct 2022 12:46:42,0.0,0.0,0.0,0.0
16 Oct 2022 12:46:43,0.0,0.0,0.0,0.0
16 Oct 2022 12:46:44,0.0,0.0,0.0,0.0
16 Oct 2022 12:46:45,0.0,0.0,0.0,0.0
16 Oct 2022 12:46:46,0.0,0.0,0.0,0.0
16 Oct 2022 12:46:47,0.0,0.0,0.0,0.0
16 Oct 2022 12:46:48,0.0,0.0,0.0,0.0
16 Oct 2022 12:46:49,0.0,0.0,0.0,0.0
16 Oct 2022 12:46:50,0.0,0.0,0.0,0.0
16 Oct 2022 12:46:51,0.0,0.0,0.0,0.0
16 Oct 2022 12:46:52,0.0,0.0,0.0,0.0
16 Oct 2022 12:46:53,0.0,0.0,0.0,0.0
16 Oct 2022 12:46:54,0.0,0.0,0.0,0.0
16 Oct 2022 12:46:55,0.0,0.0,0.0,0.0
16 Oct 2022 12:46:56,0.0,0.0,0.0,0.0
16 Oct 2022 12:46:57,0.0,0.0,0.0,0.0
16 Oct 2022 12:46:58,0.0,0.0,0.0,0.0
16 Oct 2022 12:46:59,0.0,0.0,0.0,0.0
16 Oct 2022 12:47:00,0.0,0.0,0.0,0.0
16 Oct 2022 12:47:01,0.0,0.0,0.0,0.0
16 Oct 2022 12:47:02,0.0,0.0,0.0,0.0
16 Oct 2022 12:47:04,0.0,0.0,0.0,
16 Oct 2022 12:48:57,,,,
16 Oct 2022 12:48:58,0.0,0.0,0.0,0.0
16 Oct 2022 12:48:58,0.0,0.0,0.0,0.0
16 Oct 2022 12:48:59,0.0,0.0,0.0,0.0
16 Oct 2022 12:49:00,0.0,0.0,0.0,0.0
16 Oct 2022 12:49:01,0.0,0.0,0.0,0.0
16 Oct 2022 12:49:02,0.0,0.0,0.0,0.0
16 Oct 2022 12:49:03,0.0,0.0,0.0,0.0
16 Oct 2022 12:49:04,0.0,0.0,0.0,0.0
16 Oct 2022 12:49:05,0.0,0.0,0.0,0.0
16 Oct 2022 12:49:06,0.0,0.0,0.0,0.0
16 Oct 2022 12:49:07,0.0,0.0,0.0,0.0
16 Oct 2022 12:49:08,0.0,0.0,0.0,0.0
16 Oct 2022 12:49:09,0.0,0.0,0.0,0.0
16 Oct 2022 12:49:10,0.0,0.0,0.0,0.0
16 Oct 2022 12:49:11,0.0,0.0,0.0,0.0
16 Oct 2022 12:49:12,0.0,0.0,0.0,0.0
16 Oct 2022 12:49:13,0.0,0.0,0.0,0.0
16 Oct 2022 12:49:14,0.0,0.0,0.0,0.0
16 Oct 2022 12:49:15,0.0,0.0,0.0,0.0
16 Oct 2022 12:49:16,0.0,0.0,0.0,0.0
16 Oct 2022 12:49:17,0.0,0.0,0.0,0.0
16 Oct 2022 12:49:18,0.0,0.0,0.0,0.0
16 Oct 2022 12:49:19,0.0,0.0,0.0,0.0
16 Oct 2022 12:49:20,0.0,0.0,0.0,0.0
16 Oct 2022 12:49:21,0.0,0.0,0.0,0.0
16 Oct 2022 12:49:22,0.0,0.0,0.0,0.0
16 Oct 2022 12:49:23,0.0,0.0,0.0,147.8783416748
16 Oct 2022 12:49:24,0.0,0.0,0.0,147.8783416748
16 Oct 2022 12:49:25,0.0,0.0,0.0,147.8783416748
16 Oct 2022 12:49:26,0.0,0.0,0.0,147.8783416748
16 Oct 2022 12:49:29,,,,
16 Oct 2022 12:49:29,,,,
16 Oct 2022 12:49:29,,,,
16 Oct 2022 12:49:29,0.0,0.0,,158.0453796386
16 Oct 2022 12:49:29,0.0,0.0,,158.0453796386
16 Oct 2022 12:49:29,0.0,0.0,,158.0453796386
16 Oct 2022 12:49:29,0.0,0.0,,158.0453796386
16 Oct 2022 12:49:29,0.0,0.0,,158.0453796386
16 Oct 2022 12:49:29,0.0,0.0,,158.0453796386
16 Oct 2022 12:49:29,0.0,0.0,,158.0453796386
16 Oct 2022 12:49:29,0.0,0.0,0.0,158.0453796386
16 Oct 2022 12:49:30,0.0,0.0,0.0,158.0453796386
16 Oct 2022 12:49:31,0.0,0.0,0.0,158.0453796386
16 Oct 2022 12:49:32,0.0,0.0,0.0,158.0453796386
16 Oct 2022 12:49:33,0.0,0.0,0.0,158.0453796386
16 Oct 2022 12:49:34,0.0,0.0,0.0,158.0453796386
16 Oct 2022 12:49:35,0.0,0.0,0.0,158.0453796386
16 Oct 2022 12:49:36,0.0,0.0,0.0,158.0453796386
16 Oct 2022 12:49:37,0.0,0.0,0.0,158.0453796386
16 Oct 2022 12:49:38,0.0,0.0,0.0,158.0453796386
16 Oct 2022 12:49:39,0.0,0.0,0.0,158.0453796386
16 Oct 2022 12:49:40,0.0,0.0,0.0,158.0453796386
16 Oct 2022 12:49:46,,,,
16 Oct 2022 12:49:46,0.0,0.0,0.0,0.0
16 Oct 2022 12:49:47,0.0,0.0,0.0,0.0
16 Oct 2022 12:49:48,0.0,0.0,0.0,0.0
16 Oct 2022 12:49:49,0.0,0.0,0.0,0.0
16 Oct 2022 12:49:50,0.0,0.0,0.0,0.0
16 Oct 2022 12:49:51,0.0,0.0,0.0,0.0
16 Oct 2022 12:49:52,0.0,0.0,0.0,0.0
16 Oct 2022 12:49:53,0.0,0.0,0.0,0.0
16 Oct 2022 12:49:54,0.0,0.0,0.0,0.0
16 Oct 2022 12:49:55,0.0,0.0,0.0,0.0
16 Oct 2022 12:49:56,0.0,0.0,0.0,0.0
16 Oct 2022 12:49:57,0.0,0.0,0.0,0.0
16 Oct 2022 12:49:58,0.0,0.0,0.0,0.0
16 Oct 2022 12:49:59,0.0,0.0,0.0,0.0
16 Oct 2022 12:50:00,0.0,0.0,0.0,0.0
16 Oct 2022 12:50:01,0.0,0.0,0.0,0.0
16 Oct 2022 12:50:02,0.0,0.0,0.0,0.0
16 Oct 2022 12:50:03,0.0,0.0,0.0,0.0
16 Oct 2022 12:50:04,0.0,0.0,0.0,0.0
16 Oct 2022 12:50:05,0.0,0.0,0.0,0.0
16 Oct 2022 12:50:06,0.0,0.0,0.0,0.0
16 Oct 2022 12:50:07,0.0,0.0,0.0,91992.0
16 Oct 2022 12:50:08,0.0,0.0,0.0,4291992.0
16 Oct 2022 12:50:09,0.0,0.0,0.0,4291992.0
16 Oct 2022 12:50:10,0.0,0.0,0.0,0.5524291992
16 Oct 2022 12:50:11,0.0,0.0,0.0,0.5524291992
16 Oct 2022 12:50:12,0.0,0.0,0.0,152.5524291992
16 Oct 2022 12:50:13,0.0,0.0,0.0,152.5524291992
16 Oct 2022 12:50:14,0.0,0.0,0.0,152.5524291992
16 Oct 2022 12:50:15,0.0,0.0,0.0,152.5524291992
16 Oct 2022 12:50:17,,,,
16 Oct 2022 12:50:17,,,,
16 Oct 2022 12:50:17,,,,
16 Oct 2022 12:50:17,0.0,0.0,,157.8479461669
16 Oct 2022 12:50:17,0.0,0.0,,157.8479461669
16 Oct 2022 12:50:17,0.0,0.0,,157.8479461669
16 Oct 2022 12:50:17,0.0,0.0,,157.8479461669
16 Oct 2022 12:50:17,0.0,0.0,,157.8479461669
16 Oct 2022 12:50:17,0.0,0.0,,157.8479461669
16 Oct 2022 12:50:17,0.0,0.0,,157.8479461669
16 Oct 2022 12:50:17,0.0,0.0,0.0,157.8479461669
16 Oct 2022 12:50:18,0.0,0.0,0.0,157.8479461669
16 Oct 2022 12:50:19,0.0,0.0,0.0,157.8479461669
16 Oct 2022 12:50:20,0.0,0.0,0.0,157.8479461669
16 Oct 2022 12:50:21,0.0,0.0,0.0,157.8479461669
16 Oct 2022 12:50:22,0.0,0.0,0.0,157.8479461669
16 Oct 2022 12:50:23,0.0,0.0,0.0,157.8479461669
16 Oct 2022 12:50:24,0.0,0.0,0.0,157.8479461669
16 Oct 2022 12:50:25,0.0,0.0,0.0,157.8479461669
16 Oct 2022 12:50:26,0.0,0.0,0.0,157.8479461669
16 Oct 2022 12:50:27,0.0,0.0,0.0,71972.0
16 Oct 2022 12:50:28,0.0,0.0,0.0,71972.0
16 Oct 2022 12:50:29,0.0,0.0,0.0,71972.0
16 Oct 2022 12:50:30,0.0,0.0,0.0,71972.0
16 Oct 2022 12:50:31,0.0,0.0,0.0,71972.0
16 Oct 2022 12:50:32,0.0,0.0,0.0,151.8241271972
16 Oct 2022 12:50:33,0.0,0.0,0.0,151.8241271972
16 Oct 2022 12:50:34,0.0,0.0,0.0,151.8241271972
16 Oct 2022 12:50:35,0.0,0.0,0.0,151.8241271972
16 Oct 2022 12:50:36,0.0,0.0,0.0,151.8241271972
16 Oct 2022 12:50:37,0.0,0.0,0.0,151.8241271972
16 Oct 2022 12:50:38,0.0,0.0,0.0,151.8241271972
16 Oct 2022 12:50:39,0.0,0.0,0.0,151.8241271972
16 Oct 2022 12:50:40,0.0,0.0,0.0,151.8241271972
16 Oct 2022 12:52:09,,,,
16 Oct 2022 12:52:09,0.0,0.0,0.0,0.0
16 Oct 2022 12:52:10,0.0,0.0,0.0,0.0
16 Oct 2022 12:52:11,0.0,0.0,0.0,0.0
16 Oct 2022 12:52:12,0.0,0.0,0.0,0.0
16 Oct 2022 12:52:13,0.0,0.0,0.0,0.0
16 Oct 2022 12:52:14,0.0,0.0,0.0,0.0
16 Oct 2022 12:52:15,0.0,0.0,0.0,0.0
16 Oct 2022 12:55:37,0.0,0.0,0.0,
16 Oct 2022 12:55:37,0.0,0.0,0.0,8.0
16 Oct 2022 12:55:38,0.0,0.0,0.0,8.0
16 Oct 2022 12:55:39,0.0,0.0,0.0,8.0
16 Oct 2022 12:55:40,0.0,0.0,0.0,8.0
16 Oct 2022 12:55:41,0.0,0.0,0.0,8.0
16 Oct 2022 12:55:42,0.0,0.0,0.0,8.0
16 Oct 2022 12:55:43,0.0,0.0,0.0,8.0
16 Oct 2022 12:55:44,0.0,0.0,0.0,150.5958557128
16 Oct 2022 12:55:45,0.0,0.0,0.0,150.5958557128
16 Oct 2022 12:55:46,0.0,0.0,0.0,150.5958557128
16 Oct 2022 12:55:47,0.0,0.0,0.0,150.5958557128
16 Oct 2022 12:55:48,0.0,0.0,0.0,150.5958557128
16 Oct 2022 12:55:49,0.0,0.0,0.0,150.5958557128
16 Oct 2022 12:55:50,0.0,0.0,0.0,150.5958557128
16 Oct 2022 12:55:51,0.0,0.0,0.0,151.6973724365
16 Oct 2022 12:55:52,0.0,0.0,0.0,151.6973724365
16 Oct 2022 12:55:53,0.0,0.0,0.0,151.6973724365
16 Oct 2022 12:55:54,0.0,0.0,0.0,151.6973724365
16 Oct 2022 12:55:55,0.0,0.0,0.0,151.6973724365
16 Oct 2022 12:55:56,0.0,0.0,0.0,151.6973724365
16 Oct 2022 12:55:57,0.0,0.0,0.0,151.6973724365
16 Oct 2022 12:55:58,0.0,0.0,0.0,151.6973724365
16 Oct 2022 12:55:59,0.0,0.0,0.0,151.6973724365
16 Oct 2022 12:56:00,0.0,0.0,0.0,151.6973724365
16 Oct 2022 12:56:01,0.0,0.0,0.0,151.6973724365
16 Oct 2022 12:56:02,0.0,0.0,0.0,151.6973724365
16 Oct 2022 12:56:03,0.0,0.0,0.0,151.6973724365
16 Oct 2022 12:56:04,0.0,0.0,0.0,151.6973724365
16 Oct 2022 12:56:05,0.0,0.0,0.0,151.6973724365
16 Oct 2022 13:03:45,0.0,0.0,0.0,155.7710571289
16 Oct 2022 13:03:45,0.0,0.0,0.0,155.7710571289
16 Oct 2022 13:03:46,0.0,0.0,0.0,155.7710571289
16 Oct 2022 13:03:47,0.0,0.0,0.0,155.7710571289
16 Oct 2022 13:03:48,0.0,0.0,0.0,155.7710571289
16 Oct 2022 13:03:49,0.0,0.0,0.0,155.7710571289
16 Oct 2022 13:03:50,0.0,0.0,0.0,155.7710571289
16 Oct 2022 13:03:51,0.0,0.0,0.0,148.1402282714
16 Oct 2022 13:03:52,0.0,0.0,0.0,148.1402282714
16 Oct 2022 13:03:53,0.0,0.0,0.0,148.1402282714
16 Oct 2022 13:03:54,0.0,0.0,0.0,148.1402282714
16 Oct 2022 13:03:55,0.0,0.0,0.0,148.1402282714
16 Oct 2022 13:03:56,0.0,0.0,0.0,148.1402282714
16 Oct 2022 13:03:57,0.0,0.0,0.0,148.1402282714
16 Oct 2022 13:03:58,0.0,0.0,0.0,148.1402282714
16 Oct 2022 13:03:59,0.0,0.0,0.0,158.7349548339
16 Oct 2022 13:04:00,0.0,0.0,0.0,158.7349548339
16 Oct 2022 13:04:01,0.0,0.0,0.0,158.7349548339
16 Oct 2022 13:04:02,0.0,0.0,0.0,158.7349548339
16 Oct 2022 13:04:03,0.0,0.0,0.0,158.7349548339
16 Oct 2022 13:04:04,0.0,0.0,0.0,158.7349548339
16 Oct 2022 13:04:05,0.0,0.0,0.0,158.7349548339
16 Oct 2022 13:04:06,0.0,0.0,0.0,158.7349548339
16 Oct 2022 13:04:07,0.0,0.0,0.0,157.6059112548
16 Oct 2022 13:04:08,0.0,0.0,0.0,157.6059112548
16 Oct 2022 13:04:09,0.0,0.0,0.0,157.6059112548
16 Oct 2022 13:04:10,0.0,0.0,0.0,157.6059112548
16 Oct 2022 13:04:11,0.0,0.0,0.0,157.6059112548
16 Oct 2022 13:04:12,0.0,0.0,0.0,157.6059112548
16 Oct 2022 13:04:13,0.0,0.0,0.0,157.6059112548
16 Oct 2022 13:04:14,0.0,0.0,0.0,157.6059112548
16 Oct 2022 13:04:15,0.0,0.0,0.0,157.6059112548
16 Oct 2022 13:04:16,0.0,0.0,0.0,142.6990356445
16 Oct 2022 13:04:17,0.0,0.0,0.0,142.6990356445
16 Oct 2022 13:04:18,0.0,0.0,0.0,142.6990356445
16 Oct 2022 13:04:32,0.0,,0.0,
16 Oct 2022 13:04:32,0.0,0.0,0.0,164.2180633544
16 Oct 2022 13:04:33,0.0,0.0,0.0,164.2180633544
16 Oct 2022 13:04:34,0.0,0.0,0.0,164.2180633544
16 Oct 2022 13:04:35,0.0,0.0,0.0,164.2180633544
16 Oct 2022 13:04:36,0.0,0.0,0.0,164.2180633544
16 Oct 2022 13:04:37,0.0,0.0,0.0,164.2180633544
16 Oct 2022 13:04:38,0.0,0.0,0.0,164.2180633544
16 Oct 2022 13:04:39,0.0,0.0,0.0,164.2180633544
16 Oct 2022 13:04:40,0.0,0.0,0.0,164.2180633544
16 Oct 2022 13:04:41,0.0,0.0,0.0,164.2180633544
16 Oct 2022 13:04:42,0.0,0.0,0.0,164.2180633544
16 Oct 2022 13:04:43,0.0,0.0,0.0,164.2180633544
16 Oct 2022 13:04:44,0.0,0.0,0.0,164.2180633544
16 Oct 2022 13:04:45,0.0,0.0,0.0,164.2180633544
16 Oct 2022 13:04:46,0.0,0.0,0.0,164.2180633544
16 Oct 2022 13:04:47,0.0,0.0,0.0,164.2180633544
16 Oct 2022 13:04:48,0.0,0.0,0.0,164.2180633544
16 Oct 2022 13:04:49,0.0,0.0,0.0,164.2180633544
16 Oct 2022 13:04:50,0.0,0.0,0.0,164.2180633544
16 Oct 2022 13:04:51,0.0,0.0,0.0,164.2180633544
16 Oct 2022 13:04:52,0.0,0.0,0.0,164.2180633544
16 Oct 2022 13:04:53,0.0,0.0,0.0,164.2180633544
16 Oct 2022 13:04:54,0.0,0.0,0.0,164.2180633544
16 Oct 2022 13:04:55,0.0,0.0,0.0,164.2180633544
16 Oct 2022 13:04:56,0.0,0.0,0.0,164.2180633544
16 Oct 2022 13:04:57,0.0,0.0,0.0,164.2180633544
16 Oct 2022 13:04:58,0.0,0.0,0.0,164.2180633544
16 Oct 2022 13:04:59,0.0,0.0,0.0,164.2180633544
16 Oct 2022 13:05:00,0.0,0.0,0.0,164.2180633544
16 Oct 2022 13:05:01,0.0,0.0,0.0,164.2180633544
16 Oct 2022 13:05:02,0.0,0.0,0.0,164.2180633544
16 Oct 2022 13:05:03,0.0,0.0,0.0,164.2180633544
16 Oct 2022 13:05:04,0.0,0.0,0.0,146.7112579345
16 Oct 2022 13:05:05,0.0,0.0,0.0,146.7112579345
16 Oct 2022 13:05:06,0.0,0.0,0.0,146.7112579345
16 Oct 2022 13:05:07,0.0,0.0,0.0,146.7112579345
16 Oct 2022 13:05:08,0.0,0.0,0.0,146.7112579345
16 Oct 2022 13:05:09,0.0,0.0,0.0,146.7112579345
16 Oct 2022 13:05:10,0.0,0.0,0.0,146.7112579345
16 Oct 2022 13:05:11,0.0,0.0,0.0,146.7112579345
16 Oct 2022 13:05:12,0.0,0.0,0.0,146.7112579345
16 Oct 2022 13:05:13,0.0,0.0,0.0,146.7112579345
16 Oct 2022 13:05:14,0.0,0.0,0.0,146.7112579345
16 Oct 2022 13:05:15,0.0,0.0,0.0,146.7112579345
16 Oct 2022 13:05:16,0.0,0.0,0.0,146.7112579345
16 Oct 2022 13:05:17,0.0,0.0,0.0,146.7112579345
16 Oct 2022 13:05:18,0.0,0.0,0.0,146.7112579345
16 Oct 2022 13:05:19,0.0,0.0,0.0,146.7112579345
16 Oct 2022 13:05:20,0.0,0.0,0.0,146.7112579345
16 Oct 2022 13:05:21,0.0,0.0,0.0,146.7112579345
16 Oct 2022 13:05:22,0.0,0.0,0.0,146.7112579345
16 Oct 2022 13:05:23,0.0,0.0,0.0,146.7112579345
16 Oct 2022 13:05:24,0.0,0.0,0.0,146.7112579345
16 Oct 2022 13:05:25,0.0,0.0,0.0,146.7112579345
16 Oct 2022 13:05:26,0.0,0.0,0.0,146.7112579345
16 Oct 2022 13:05:27,0.0,0.0,0.0,146.7112579345
16 Oct 2022 13:05:28,0.0,0.0,0.0,146.7112579345
16 Oct 2022 13:05:29,0.0,0.0,0.0,146.7112579345
16 Oct 2022 13:05:30,0.0,0.0,0.0,146.7112579345
16 Oct 2022 13:05:31,0.0,0.0,0.0,146.7112579345
16 Oct 2022 13:05:34,,0.0,,146.7112579345
16 Oct 2022 13:05:34,0.0,0.0,0.0,146.7112579345
16 Oct 2022 13:05:35,0.0,0.0,0.0,146.7112579345
16 Oct 2022 13:05:36,0.0,0.0,0.0,146.7112579345
16 Oct 2022 13:05:37,0.0,0.0,0.0,145.8459014892
16 Oct 2022 13:05:38,0.0,0.0,0.0,145.8459014892
16 Oct 2022 13:05:39,0.0,0.0,0.0,145.8459014892
16 Oct 2022 13:05:40,0.0,0.0,0.0,145.8459014892
16 Oct 2022 13:05:41,0.0,0.0,0.0,145.8459014892
16 Oct 2022 13:05:42,0.0,0.0,0.0,145.8459014892
16 Oct 2022 13:05:43,0.0,0.0,0.0,145.8459014892
16 Oct 2022 13:05:44,0.0,0.0,0.0,145.8459014892
16 Oct 2022 13:05:45,0.0,0.0,0.0,145.8459014892
16 Oct 2022 13:05:46,0.0,0.0,0.0,145.8459014892
16 Oct 2022 13:05:47,0.0,0.0,0.0,145.8459014892
16 Oct 2022 13:06:06,0.0,0.0,0.0,146.2351989746
16 Oct 2022 13:06:07,0.0,0.0,0.0,146.2351989746
16 Oct 2022 13:06:08,0.0,0.0,0.0,146.2351989746
16 Oct 2022 13:06:09,0.0,0.0,0.0,146.2351989746
16 Oct 2022 13:06:10,0.0,0.0,0.0,146.2351989746
16 Oct 2022 13:06:11,0.0,0.0,0.0,146.2351989746
16 Oct 2022 13:06:12,0.0,0.0,0.0,146.2351989746
16 Oct 2022 13:06:13,0.0,0.0,0.0,146.2351989746
16 Oct 2022 13:06:14,0.0,0.0,0.0,146.2351989746
16 Oct 2022 13:06:15,0.0,0.0,0.0,146.2351989746
16 Oct 2022 13:06:16,0.0,0.0,0.0,145.8755340576
16 Oct 2022 13:06:17,0.0,0.0,0.0,145.8755340576
16 Oct 2022 13:06:18,0.0,0.0,0.0,145.8755340576
16 Oct 2022 13:06:19,0.0,0.0,0.0,145.8755340576
16 Oct 2022 13:06:20,0.0,0.0,0.0,145.8755340576
16 Oct 2022 13:06:21,0.0,0.0,0.0,145.8755340576
16 Oct 2022 13:06:22,0.0,0.0,0.0,145.8755340576
16 Oct 2022 13:06:23,0.0,0.0,0.0,145.8755340576
16 Oct 2022 13:06:24,0.0,0.0,0.0,145.8755340576
16 Oct 2022 13:06:25,0.0,0.0,0.0,145.8755340576
16 Oct 2022 13:06:26,0.0,0.0,0.0,145.8755340576
16 Oct 2022 13:06:27,0.0,0.0,0.0,145.8755340576
16 Oct 2022 13:06:28,0.0,0.0,0.0,145.8755340576
16 Oct 2022 13:06:29,0.0,0.0,0.0,145.8755340576
16 Oct 2022 13:06:30,0.0,0.0,0.0,145.8755340576
16 Oct 2022 13:06:31,0.0,0.0,0.0,145.8755340576
16 Oct 2022 13:06:32,0.0,0.0,0.0,145.8755340576
16 Oct 2022 13:06:33,0.0,0.0,0.0,146.3421936035
16 Oct 2022 13:06:34,0.0,0.0,0.0,146.3421936035
16 Oct 2022 13:06:35,0.0,0.0,0.0,146.3421936035
16 Oct 2022 13:06:36,0.0,0.0,0.0,146.3421936035
16 Oct 2022 13:06:37,0.0,0.0,0.0,146.3421936035
16 Oct 2022 13:06:38,0.0,0.0,0.0,146.3421936035
16 Oct 2022 13:06:39,0.0,0.0,0.0,146.3421936035
16 Oct 2022 13:06:40,0.0,0.0,0.0,146.3421936035
16 Oct 2022 13:06:41,0.0,0.0,0.0,146.3421936035
16 Oct 2022 13:06:42,0.0,0.0,0.0,146.3421936035
16 Oct 2022 13:06:43,0.0,0.0,0.0,146.3421936035
16 Oct 2022 13:06:44,0.0,0.0,0.0,146.3421936035
16 Oct 2022 13:06:45,0.0,0.0,0.0,146.3421936035
16 Oct 2022 13:06:46,0.0,0.0,0.0,146.3421936035
16 Oct 2022 13:06:47,0.0,0.0,0.0,146.3421936035
16 Oct 2022 13:06:48,0.0,0.0,0.0,146.3421936035
16 Oct 2022 13:06:49,0.0,0.0,0.0,147.2017822265
16 Oct 2022 13:06:50,0.0,0.0,0.0,147.2017822265
16 Oct 2022 13:06:51,0.0,0.0,0.0,147.2017822265
16 Oct 2022 13:06:52,0.0,0.0,0.0,147.2017822265
16 Oct 2022 13:06:53,0.0,0.0,0.0,147.2017822265
16 Oct 2022 13:06:54,0.0,0.0,0.0,147.2017822265
16 Oct 2022 13:06:55,0.0,0.0,0.0,147.2017822265
16 Oct 2022 13:06:56,0.0,0.0,0.0,147.2017822265
16 Oct 2022 13:06:57,0.0,0.0,0.0,147.2017822265
16 Oct 2022 13:06:58,0.0,0.0,0.0,147.2017822265
16 Oct 2022 13:06:59,0.0,0.0,0.0,147.2017822265
16 Oct 2022 13:07:00,0.0,0.0,0.0,147.2017822265
16 Oct 2022 13:07:01,0.0,0.0,0.0,147.2017822265
16 Oct 2022 13:07:02,0.0,0.0,0.0,147.2017822265
16 Oct 2022 13:07:03,0.0,0.0,0.0,147.2017822265
16 Oct 2022 13:07:04,0.0,0.0,0.0,147.2017822265
16 Oct 2022 13:07:05,0.0,0.0,0.0,147.2017822265
16 Oct 2022 13:07:08,0.0,0.0,0.0,138.783203125
16 Oct 2022 13:07:09,0.0,0.0,0.0,138.783203125
16 Oct 2022 13:07:10,0.0,0.0,0.0,138.783203125
16 Oct 2022 13:07:11,0.0,0.0,0.0,138.783203125
16 Oct 2022 13:07:12,0.0,0.0,0.0,138.783203125
16 Oct 2022 13:07:13,0.0,0.0,0.0,138.783203125
16 Oct 2022 13:07:14,0.0,0.0,0.0,138.783203125
16 Oct 2022 13:07:15,0.0,0.0,0.0,138.783203125
16 Oct 2022 13:07:16,0.0,0.0,0.0,138.783203125
16 Oct 2022 13:07:17,0.0,0.0,0.0,138.783203125
16 Oct 2022 13:07:18,0.0,0.0,0.0,138.783203125
16 Oct 2022 13:07:19,0.0,0.0,0.0,138.783203125
16 Oct 2022 13:07:20,0.0,0.0,0.0,138.783203125
16 Oct 2022 13:07:21,0.0,0.0,0.0,138.783203125
16 Oct 2022 13:07:22,0.0,0.0,0.0,138.783203125
16 Oct 2022 13:07:23,0.0,0.0,0.0,138.783203125
16 Oct 2022 13:07:24,0.0,0.0,0.0,138.783203125
16 Oct 2022 13:07:25,0.0,0.0,0.0,138.783203125
16 Oct 2022 13:07:26,0.0,0.0,0.0,144.2302703857
16 Oct 2022 13:07:27,0.0,0.0,0.0,144.2302703857
16 Oct 2022 13:07:28,0.0,0.0,0.0,144.2302703857
16 Oct 2022 13:07:29,0.0,0.0,0.0,144.2302703857
16 Oct 2022 13:07:30,0.0,0.0,0.0,144.2302703857
16 Oct 2022 13:07:31,0.0,0.0,0.0,144.2302703857
16 Oct 2022 13:07:32,0.0,0.0,0.0,144.2302703857
16 Oct 2022 13:07:33,0.0,0.0,0.0,144.2302703857
16 Oct 2022 13:07:34,0.0,0.0,0.0,144.2302703857
16 Oct 2022 13:07:35,0.0,0.0,0.0,144.2302703857
16 Oct 2022 13:07:36,0.0,0.0,0.0,144.2302703857
16 Oct 2022 13:07:37,0.0,0.0,0.0,144.2302703857
16 Oct 2022 13:07:38,0.0,0.0,0.0,144.2302703857
16 Oct 2022 13:07:39,0.0,0.0,0.0,144.2302703857
16 Oct 2022 13:07:40,0.0,0.0,0.0,144.2302703857
16 Oct 2022 13:07:41,0.0,0.0,0.0,144.2302703857
16 Oct 2022 13:07:42,0.0,0.0,0.0,144.2302703857
16 Oct 2022 13:07:43,0.0,0.0,0.0,145.5044555664
16 Oct 2022 13:07:44,0.0,0.0,0.0,145.5044555664
16 Oct 2022 13:07:45,0.0,0.0,0.0,145.5044555664
16 Oct 2022 13:07:46,0.0,0.0,0.0,145.5044555664
16 Oct 2022 13:07:47,0.0,0.0,0.0,145.5044555664
16 Oct 2022 13:07:48,0.0,0.0,0.0,145.5044555664
16 Oct 2022 13:07:49,0.0,0.0,0.0,145.5044555664
16 Oct 2022 13:07:50,0.0,0.0,0.0,145.5044555664
16 Oct 2022 13:07:51,0.0,0.0,0.0,145.5044555664
16 Oct 2022 13:07:52,0.0,0.0,0.0,145.5044555664
16 Oct 2022 13:07:53,0.0,0.0,0.0,145.5044555664
16 Oct 2022 13:07:54,0.0,0.0,0.0,145.5044555664
16 Oct 2022 13:07:55,0.0,0.0,0.0,145.5044555664
16 Oct 2022 13:07:56,0.0,0.0,0.0,145.5044555664
16 Oct 2022 13:07:57,0.0,0.0,0.0,145.5044555664
16 Oct 2022 13:07:58,0.0,0.0,0.0,145.5044555664
16 Oct 2022 13:07:59,0.0,0.0,0.0,145.5044555664
16 Oct 2022 13:08:00,0.0,0.0,0.0,153.8156127929
16 Oct 2022 13:08:01,0.0,0.0,0.0,153.8156127929
16 Oct 2022 13:08:02,0.0,0.0,0.0,153.8156127929
16 Oct 2022 13:08:03,0.0,0.0,0.0,153.8156127929
16 Oct 2022 13:08:04,0.0,0.0,0.0,153.8156127929
16 Oct 2022 13:08:05,0.0,0.0,0.0,153.8156127929
16 Oct 2022 13:08:06,0.0,0.0,0.0,153.8156127929
16 Oct 2022 13:08:07,0.0,0.0,0.0,153.8156127929
16 Oct 2022 13:08:09,0.0,0.0,0.0,153.8156127929
16 Oct 2022 13:08:10,0.0,0.0,0.0,153.8156127929
16 Oct 2022 13:08:11,0.0,0.0,0.0,153.8156127929
16 Oct 2022 13:08:12,0.0,0.0,0.0,153.8156127929
16 Oct 2022 13:08:13,0.0,0.0,0.0,153.8156127929
16 Oct 2022 13:08:14,0.0,0.0,0.0,153.8156127929
16 Oct 2022 13:08:15,0.0,0.0,0.0,153.8156127929
16 Oct 2022 13:08:16,0.0,0.0,0.0,153.8156127929
16 Oct 2022 13:08:17,0.0,0.0,0.0,146.8663787841
16 Oct 2022 13:08:18,0.0,0.0,0.0,146.8663787841
16 Oct 2022 13:08:19,0.0,0.0,0.0,146.8663787841
16 Oct 2022 13:08:20,0.0,0.0,0.0,146.8663787841
16 Oct 2022 13:08:21,0.0,0.0,0.0,146.8663787841
16 Oct 2022 13:08:22,0.0,0.0,0.0,146.8663787841
16 Oct 2022 13:08:23,0.0,0.0,0.0,146.8663787841
16 Oct 2022 13:08:24,0.0,0.0,0.0,146.8663787841
16 Oct 2022 13:08:25,0.0,0.0,0.0,146.8663787841
16 Oct 2022 13:08:26,0.0,0.0,0.0,146.8663787841
16 Oct 2022 13:08:27,0.0,0.0,0.0,146.8663787841
16 Oct 2022 13:08:28,0.0,0.0,0.0,146.8663787841
16 Oct 2022 13:08:29,0.0,0.0,0.0,146.8663787841
16 Oct 2022 13:08:30,0.0,0.0,0.0,146.8663787841
16 Oct 2022 13:08:31,0.0,0.0,0.0,146.8663787841
16 Oct 2022 13:08:32,0.0,0.0,0.0,146.8663787841
16 Oct 2022 13:08:33,0.0,0.0,0.0,146.8663787841
16 Oct 2022 13:08:34,0.0,0.0,0.0,145.7771453857
16 Oct 2022 13:08:35,0.0,0.0,0.0,145.7771453857
16 Oct 2022 13:08:36,0.0,0.0,0.0,145.7771453857
16 Oct 2022 13:08:37,0.0,0.0,0.0,145.7771453857
16 Oct 2022 13:08:38,0.0,0.0,0.0,145.7771453857
16 Oct 2022 13:08:39,0.0,0.0,0.0,145.7771453857
16 Oct 2022 13:08:40,0.0,0.0,0.0,145.7771453857
16 Oct 2022 13:08:41,0.0,0.0,0.0,145.7771453857
16 Oct 2022 13:08:42,0.0,0.0,0.0,145.7771453857
16 Oct 2022 13:08:43,0.0,0.0,0.0,145.7771453857
16 Oct 2022 13:08:44,0.0,0.0,0.0,145.7771453857
16 Oct 2022 13:08:45,0.0,0.0,0.0,145.7771453857
16 Oct 2022 13:08:46,0.0,0.0,0.0,145.7771453857
16 Oct 2022 13:08:47,0.0,0.0,0.0,145.7771453857
16 Oct 2022 13:08:48,0.0,0.0,0.0,145.7771453857
16 Oct 2022 13:08:49,0.0,0.0,0.0,145.7771453857
16 Oct 2022 13:08:50,0.0,0.0,0.0,145.7771453857
16 Oct 2022 13:08:51,0.0,0.0,0.0,145.7771453857
16 Oct 2022 13:08:52,0.0,0.0,0.0,151.2190551757
16 Oct 2022 13:08:53,0.0,0.0,0.0,151.2190551757
16 Oct 2022 13:08:54,0.0,0.0,0.0,151.2190551757
16 Oct 2022 13:08:55,0.0,0.0,0.0,151.2190551757
16 Oct 2022 13:08:56,0.0,0.0,0.0,151.2190551757
16 Oct 2022 13:08:57,0.0,0.0,0.0,151.2190551757
16 Oct 2022 13:08:58,0.0,0.0,0.0,151.2190551757
16 Oct 2022 13:08:59,0.0,0.0,0.0,151.2190551757
16 Oct 2022 13:09:00,0.0,0.0,0.0,151.2190551757
16 Oct 2022 13:09:01,0.0,0.0,0.0,151.2190551757
16 Oct 2022 13:09:02,0.0,0.0,0.0,151.2190551757
16 Oct 2022 13:09:03,0.0,0.0,0.0,151.2190551757
16 Oct 2022 13:09:04,0.0,0.0,0.0,151.2190551757
16 Oct 2022 13:09:05,0.0,0.0,0.0,151.2190551757
16 Oct 2022 13:09:06,0.0,0.0,0.0,151.2190551757
16 Oct 2022 13:09:07,0.0,0.0,0.0,151.2190551757
16 Oct 2022 13:09:08,0.0,0.0,0.0,156.1618804931
16 Oct 2022 13:09:11,0.0,0.0,0.0,156.1618804931
16 Oct 2022 13:09:12,0.0,0.0,0.0,156.1618804931
16 Oct 2022 13:09:13,0.0,0.0,0.0,156.1618804931
16 Oct 2022 13:09:14,0.0,0.0,0.0,156.1618804931
16 Oct 2022 13:09:15,0.0,0.0,0.0,156.1618804931
16 Oct 2022 13:09:16,0.0,0.0,0.0,156.1618804931
